<!--

This file contains a list of all the packages and their versions which were released in the last servicing
build of ASP.NET Core 2.2.x. Update this list when preparing for a new patch.

-->
<Baseline Version="2.2.2">
  <Package Id="dotnet-dev-certs" Version="2.2.0" />
  <Package Id="dotnet-sql-cache" Version="2.2.0" />
  <Package Id="dotnet-user-secrets" Version="2.2.0" />
  <Package Id="dotnet-watch" Version="2.2.0" />
  <Package Id="Microsoft.AspNetCore.Antiforgery" Version="2.2.0" />
  <Package Id="Microsoft.AspNetCore.ApiAuthorization.IdentityServer" Version="2.2.0-preview-35687" />
  <Package Id="Microsoft.AspNetCore.ApplicationInsights.HostingStartup" Version="2.2.0" />
  <Package Id="Microsoft.AspNetCore.AspNetCoreModule" Version="2.2.1" />
  <Package Id="Microsoft.AspNetCore.AspNetCoreModuleV2" Version="2.2.2" />
  <Package Id="Microsoft.AspNetCore.Authentication.Abstractions" Version="2.2.0" />
  <Package Id="Microsoft.AspNetCore.Authentication.AzureAD.UI" Version="2.2.0" />
  <Package Id="Microsoft.AspNetCore.Authentication.AzureADB2C.UI" Version="2.2.0" />
  <Package Id="Microsoft.AspNetCore.Authentication.Cookies" Version="2.2.0" />
  <Package Id="Microsoft.AspNetCore.Authentication.Core" Version="2.2.0" />
  <Package Id="Microsoft.AspNetCore.Authentication.Facebook" Version="2.2.0" />
  <Package Id="Microsoft.AspNetCore.Authentication.Google" Version="2.2.2" />
  <Package Id="Microsoft.AspNetCore.Authentication.JwtBearer" Version="2.2.0" />
  <Package Id="Microsoft.AspNetCore.Authentication.MicrosoftAccount" Version="2.2.0" />
  <Package Id="Microsoft.AspNetCore.Authentication.OAuth" Version="2.2.0" />
  <Package Id="Microsoft.AspNetCore.Authentication.OpenIdConnect" Version="2.2.0" />
  <Package Id="Microsoft.AspNetCore.Authentication.Twitter" Version="2.2.0" />
  <Package Id="Microsoft.AspNetCore.Authentication.WsFederation" Version="2.2.0" />
  <Package Id="Microsoft.AspNetCore.Authentication" Version="2.2.0" />
  <Package Id="Microsoft.AspNetCore.Authorization.Policy" Version="2.2.0" />
  <Package Id="Microsoft.AspNetCore.Authorization" Version="2.2.0" />
  <Package Id="Microsoft.AspNetCore.AzureAppServices.HostingStartup" Version="2.2.2" />
  <Package Id="Microsoft.AspNetCore.AzureAppServicesIntegration" Version="2.2.2" />
  <Package Id="Microsoft.AspNetCore.Connections.Abstractions" Version="2.2.0" />
  <Package Id="Microsoft.AspNetCore.CookiePolicy" Version="2.2.0" />
  <Package Id="Microsoft.AspNetCore.Cors" Version="2.2.0" />
  <Package Id="Microsoft.AspNetCore.Cryptography.Internal" Version="2.2.0" />
  <Package Id="Microsoft.AspNetCore.Cryptography.KeyDerivation" Version="2.2.0" />
  <Package Id="Microsoft.AspNetCore.DataProtection.Abstractions" Version="2.2.0" />
  <Package Id="Microsoft.AspNetCore.DataProtection.AzureKeyVault" Version="2.2.0" />
  <Package Id="Microsoft.AspNetCore.DataProtection.AzureStorage" Version="2.2.0" />
  <Package Id="Microsoft.AspNetCore.DataProtection.EntityFrameworkCore" Version="2.2.0" />
  <Package Id="Microsoft.AspNetCore.DataProtection.Extensions" Version="2.2.0" />
  <Package Id="Microsoft.AspNetCore.DataProtection.StackExchangeRedis" Version="2.2.0" />
  <Package Id="Microsoft.AspNetCore.DataProtection.SystemWeb" Version="2.2.0" />
  <Package Id="Microsoft.AspNetCore.DataProtection" Version="2.2.0" />
  <Package Id="Microsoft.AspNetCore.Diagnostics.Abstractions" Version="2.2.0" />
  <Package Id="Microsoft.AspNetCore.Diagnostics.EntityFrameworkCore" Version="2.2.1" />
  <Package Id="Microsoft.AspNetCore.Diagnostics.HealthChecks" Version="2.2.0" />
  <Package Id="Microsoft.AspNetCore.Diagnostics" Version="2.2.0" />
  <Package Id="Microsoft.AspNetCore.HostFiltering" Version="2.2.0" />
  <Package Id="Microsoft.AspNetCore.Hosting.Abstractions" Version="2.2.0" />
  <Package Id="Microsoft.AspNetCore.Hosting.Server.Abstractions" Version="2.2.0" />
  <Package Id="Microsoft.AspNetCore.Hosting.WindowsServices" Version="2.2.0" />
  <Package Id="Microsoft.AspNetCore.Hosting" Version="2.2.0" />
  <Package Id="Microsoft.AspNetCore.Html.Abstractions" Version="2.2.0" />
  <Package Id="Microsoft.AspNetCore.Http.Abstractions" Version="2.2.0" />
  <Package Id="Microsoft.AspNetCore.Http.Connections.Client" Version="1.1.0" />
  <Package Id="Microsoft.AspNetCore.Http.Connections.Common" Version="1.1.0" />
  <Package Id="Microsoft.AspNetCore.Http.Connections" Version="1.1.0" />
  <Package Id="Microsoft.AspNetCore.Http.Extensions" Version="2.2.0" />
  <Package Id="Microsoft.AspNetCore.Http.Features" Version="2.2.0" />
  <Package Id="Microsoft.AspNetCore.Http" Version="2.2.2" />
  <Package Id="Microsoft.AspNetCore.HttpOverrides" Version="2.2.0" />
  <Package Id="Microsoft.AspNetCore.HttpsPolicy" Version="2.2.0" />
  <Package Id="Microsoft.AspNetCore.Identity.EntityFrameworkCore" Version="2.2.0" />
  <Package Id="Microsoft.AspNetCore.Identity.Specification.Tests" Version="2.2.0" />
  <Package Id="Microsoft.AspNetCore.Identity.UI" Version="2.2.0" />
  <Package Id="Microsoft.AspNetCore.Identity" Version="2.2.0" />
  <Package Id="Microsoft.AspNetCore.JsonPatch" Version="2.2.0" />
  <Package Id="Microsoft.AspNetCore.Localization.Routing" Version="2.2.0" />
  <Package Id="Microsoft.AspNetCore.Localization" Version="2.2.0" />
  <Package Id="Microsoft.AspNetCore.MiddlewareAnalysis" Version="2.2.0" />
  <Package Id="Microsoft.AspNetCore.Mvc.Abstractions" Version="2.2.0" />
  <Package Id="Microsoft.AspNetCore.Mvc.Analyzers" Version="2.2.0" />
  <Package Id="Microsoft.AspNetCore.Mvc.ApiExplorer" Version="2.2.0" />
  <Package Id="Microsoft.AspNetCore.Mvc.Core" Version="2.2.2" />
  <Package Id="Microsoft.AspNetCore.Mvc.Cors" Version="2.2.0" />
  <Package Id="Microsoft.AspNetCore.Mvc.DataAnnotations" Version="2.2.0" />
  <Package Id="Microsoft.AspNetCore.Mvc.Formatters.Json" Version="2.2.0" />
  <Package Id="Microsoft.AspNetCore.Mvc.Formatters.Xml" Version="2.2.0" />
  <Package Id="Microsoft.AspNetCore.Mvc.Localization" Version="2.2.0" />
  <Package Id="Microsoft.AspNetCore.Mvc.Razor.Extensions" Version="2.2.0" />
  <Package Id="Microsoft.AspNetCore.Mvc.Razor" Version="2.2.0" />
  <Package Id="Microsoft.AspNetCore.Mvc.RazorPages" Version="2.2.0" />
  <Package Id="Microsoft.AspNetCore.Mvc.TagHelpers" Version="2.2.0" />
  <Package Id="Microsoft.AspNetCore.Mvc.Testing" Version="2.2.0" />
  <Package Id="Microsoft.AspNetCore.Mvc.ViewFeatures" Version="2.2.0" />
  <Package Id="Microsoft.AspNetCore.Mvc" Version="2.2.0" />
  <Package Id="Microsoft.AspNetCore.NodeServices" Version="2.2.0" />
  <Package Id="Microsoft.AspNetCore.Owin" Version="2.2.0" />
  <Package Id="Microsoft.AspNetCore.Razor.Design" Version="2.2.0" />
  <Package Id="Microsoft.AspNetCore.Razor.Language" Version="2.2.0" />
  <Package Id="Microsoft.AspNetCore.Razor.Runtime" Version="2.2.0" />
  <Package Id="Microsoft.AspNetCore.Razor" Version="2.2.0" />
  <Package Id="Microsoft.AspNetCore.ResponseCaching.Abstractions" Version="2.2.0" />
  <Package Id="Microsoft.AspNetCore.ResponseCaching" Version="2.2.0" />
  <Package Id="Microsoft.AspNetCore.ResponseCompression" Version="2.2.0" />
  <Package Id="Microsoft.AspNetCore.Rewrite" Version="2.2.0" />
  <Package Id="Microsoft.AspNetCore.Routing.Abstractions" Version="2.2.0" />
  <Package Id="Microsoft.AspNetCore.Routing" Version="2.2.2" />
  <Package Id="Microsoft.AspNetCore.Server.HttpSys" Version="2.2.0" />
  <Package Id="Microsoft.AspNetCore.Server.IIS" Version="2.2.2" />
  <Package Id="Microsoft.AspNetCore.Server.IISIntegration" Version="2.2.1" />
  <Package Id="Microsoft.AspNetCore.Server.Kestrel.Core" Version="2.2.0" />
  <Package Id="Microsoft.AspNetCore.Server.Kestrel.Https" Version="2.2.0" />
  <Package Id="Microsoft.AspNetCore.Server.Kestrel.Transport.Abstractions" Version="2.2.0" />
  <Package Id="Microsoft.AspNetCore.Server.Kestrel.Transport.Libuv" Version="2.2.0" />
  <Package Id="Microsoft.AspNetCore.Server.Kestrel.Transport.Sockets" Version="2.2.1" />
  <Package Id="Microsoft.AspNetCore.Server.Kestrel" Version="2.2.0" />
  <Package Id="Microsoft.AspNetCore.Session" Version="2.2.0" />
  <Package Id="Microsoft.AspNetCore.SignalR.Client.Core" Version="1.1.0" />
  <Package Id="Microsoft.AspNetCore.SignalR.Client" Version="1.1.0" />
  <Package Id="Microsoft.AspNetCore.SignalR.Common" Version="1.1.0" />
  <Package Id="Microsoft.AspNetCore.SignalR.Core" Version="1.1.0" />
  <Package Id="Microsoft.AspNetCore.SignalR.Protocols.Json" Version="1.1.0" />
  <Package Id="Microsoft.AspNetCore.SignalR.Protocols.MessagePack" Version="1.1.0" />
  <Package Id="Microsoft.AspNetCore.SignalR.Redis" Version="1.1.0" />
  <Package Id="Microsoft.AspNetCore.SignalR.Specification.Tests" Version="1.1.0" />
  <Package Id="Microsoft.AspNetCore.SignalR.StackExchangeRedis" Version="1.1.0" />
  <Package Id="Microsoft.AspNetCore.SignalR" Version="1.1.0" />
  <Package Id="Microsoft.AspNetCore.SpaServices.Extensions" Version="2.2.0" />
  <Package Id="Microsoft.AspNetCore.SpaServices" Version="2.2.0" />
  <Package Id="Microsoft.AspNetCore.StaticFiles" Version="2.2.0" />
  <Package Id="Microsoft.AspNetCore.TestHost" Version="2.2.0" />
  <Package Id="Microsoft.AspNetCore.WebSockets" Version="2.2.1" />
  <Package Id="Microsoft.AspNetCore.WebUtilities" Version="2.2.0" />
  <Package Id="Microsoft.AspNetCore" Version="2.2.0" />
  <Package Id="Microsoft.CodeAnalysis.Razor" Version="2.2.0" />
  <Package Id="Microsoft.Extensions.Diagnostics.HealthChecks.EntityFrameworkCore" Version="2.2.0" />
  <Package Id="Microsoft.Extensions.Identity.Core" Version="2.2.0" />
  <Package Id="Microsoft.Extensions.Identity.Stores" Version="2.2.0" />
  <Package Id="Microsoft.Net.Http.Headers" Version="2.2.0" />
  <Package Id="Microsoft.Net.Sdk.Razor" Version="2.2.0" />
  <Package Id="Microsoft.Owin.Security.Interop" Version="2.2.0" />
</Baseline>
