<?xml version="1.0" encoding="utf-8"?>
<!--

  This file is used by automation to update Versions.props and may be used for other purposes, such as
  static analysis to determine the repo dependency graph.  It should only be modified manually when adding
  or removing dependencies. Updating versions should be done using the `darc` command line tool.

  See https://github.com/dotnet/arcade/blob/master/Documentation/Darc.md for instructions on using darc.
-->
<Dependencies>
  <ProductDependencies>
    <Dependency Name="Microsoft.AspNetCore.Razor.Language" Version="3.0.0-preview4.19123.2">
      <Uri>https://github.com/aspnet/AspNetCore-Tooling</Uri>
      <Sha>f7d175b0afd3b57342fd6978d552623fbdd02cc8</Sha>
    </Dependency>
    <Dependency Name="Microsoft.AspNetCore.Mvc.Razor.Extensions" Version="3.0.0-preview4.19123.2">
      <Uri>https://github.com/aspnet/AspNetCore-Tooling</Uri>
      <Sha>f7d175b0afd3b57342fd6978d552623fbdd02cc8</Sha>
    </Dependency>
    <Dependency Name="Microsoft.CodeAnalysis.Razor" Version="3.0.0-preview4.19123.2">
      <Uri>https://github.com/aspnet/AspNetCore-Tooling</Uri>
      <Sha>f7d175b0afd3b57342fd6978d552623fbdd02cc8</Sha>
    </Dependency>
    <Dependency Name="Microsoft.NET.Sdk.Razor" Version="3.0.0-preview4.19123.2">
      <Uri>https://github.com/aspnet/AspNetCore-Tooling</Uri>
      <Sha>f7d175b0afd3b57342fd6978d552623fbdd02cc8</Sha>
    </Dependency>
    <Dependency Name="dotnet-ef" Version="3.0.0-preview4.19127.3">
      <Uri>https://github.com/aspnet/EntityFrameworkCore</Uri>
      <Sha>00000</Sha>
    </Dependency>
    <Dependency Name="Microsoft.EntityFrameworkCore.InMemory" Version="3.0.0-preview4.19127.3">
      <Uri>https://github.com/aspnet/EntityFrameworkCore</Uri>
      <Sha>00000</Sha>
    </Dependency>
    <Dependency Name="Microsoft.EntityFrameworkCore.Relational" Version="3.0.0-preview4.19127.3">
      <Uri>https://github.com/aspnet/EntityFrameworkCore</Uri>
      <Sha>00000</Sha>
    </Dependency>
    <Dependency Name="Microsoft.EntityFrameworkCore.Sqlite" Version="3.0.0-preview4.19127.3">
      <Uri>https://github.com/aspnet/EntityFrameworkCore</Uri>
      <Sha>00000</Sha>
    </Dependency>
    <Dependency Name="Microsoft.EntityFrameworkCore.SqlServer" Version="3.0.0-preview4.19127.3">
      <Uri>https://github.com/aspnet/EntityFrameworkCore</Uri>
      <Sha>00000</Sha>
    </Dependency>
    <Dependency Name="Microsoft.EntityFrameworkCore.Tools" Version="3.0.0-preview4.19127.3">
      <Uri>https://github.com/aspnet/EntityFrameworkCore</Uri>
      <Sha>00000</Sha>
    </Dependency>
    <Dependency Name="Microsoft.EntityFrameworkCore" Version="3.0.0-preview4.19127.3">
      <Uri>https://github.com/aspnet/EntityFrameworkCore</Uri>
      <Sha>00000</Sha>
    </Dependency>
    <Dependency Name="Microsoft.AspNetCore.Analyzer.Testing" Version="3.0.0-preview4.19125.6">
      <Uri>https://github.com/aspnet/Extensions</Uri>
      <Sha>00000</Sha>
    </Dependency>
    <Dependency Name="Microsoft.AspNetCore.BenchmarkRunner.Sources" Version="3.0.0-preview4.19125.6">
      <Uri>https://github.com/aspnet/Extensions</Uri>
      <Sha>00000</Sha>
    </Dependency>
    <Dependency Name="Microsoft.Extensions.ActivatorUtilities.Sources" Version="3.0.0-preview4.19125.6">
      <Uri>https://github.com/aspnet/Extensions</Uri>
      <Sha>00000</Sha>
    </Dependency>
    <Dependency Name="Microsoft.Extensions.Caching.Abstractions" Version="3.0.0-preview4.19125.6">
      <Uri>https://github.com/aspnet/Extensions</Uri>
      <Sha>00000</Sha>
    </Dependency>
    <Dependency Name="Microsoft.Extensions.Caching.Memory" Version="3.0.0-preview4.19125.6">
      <Uri>https://github.com/aspnet/Extensions</Uri>
      <Sha>00000</Sha>
    </Dependency>
    <Dependency Name="Microsoft.Extensions.Caching.SqlServer" Version="3.0.0-preview4.19125.6">
      <Uri>https://github.com/aspnet/Extensions</Uri>
      <Sha>00000</Sha>
    </Dependency>
    <Dependency Name="Microsoft.Extensions.Caching.StackExchangeRedis" Version="3.0.0-preview4.19125.6">
      <Uri>https://github.com/aspnet/Extensions</Uri>
      <Sha>00000</Sha>
    </Dependency>
    <Dependency Name="Microsoft.Extensions.CommandLineUtils.Sources" Version="3.0.0-preview4.19125.6">
      <Uri>https://github.com/aspnet/Extensions</Uri>
      <Sha>00000</Sha>
    </Dependency>
    <Dependency Name="Microsoft.Extensions.Configuration.Abstractions" Version="3.0.0-preview4.19125.6">
      <Uri>https://github.com/aspnet/Extensions</Uri>
      <Sha>00000</Sha>
    </Dependency>
    <Dependency Name="Microsoft.Extensions.Configuration.AzureKeyVault" Version="3.0.0-preview4.19125.6">
      <Uri>https://github.com/aspnet/Extensions</Uri>
      <Sha>00000</Sha>
    </Dependency>
    <Dependency Name="Microsoft.Extensions.Configuration.Binder" Version="3.0.0-preview4.19125.6">
      <Uri>https://github.com/aspnet/Extensions</Uri>
      <Sha>00000</Sha>
    </Dependency>
    <Dependency Name="Microsoft.Extensions.Configuration.CommandLine" Version="3.0.0-preview4.19125.6">
      <Uri>https://github.com/aspnet/Extensions</Uri>
      <Sha>00000</Sha>
    </Dependency>
    <Dependency Name="Microsoft.Extensions.Configuration.EnvironmentVariables" Version="3.0.0-preview4.19125.6">
      <Uri>https://github.com/aspnet/Extensions</Uri>
      <Sha>00000</Sha>
    </Dependency>
    <Dependency Name="Microsoft.Extensions.Configuration.FileExtensions" Version="3.0.0-preview4.19125.6">
      <Uri>https://github.com/aspnet/Extensions</Uri>
      <Sha>00000</Sha>
    </Dependency>
    <Dependency Name="Microsoft.Extensions.Configuration.Ini" Version="3.0.0-preview4.19125.6">
      <Uri>https://github.com/aspnet/Extensions</Uri>
      <Sha>00000</Sha>
    </Dependency>
    <Dependency Name="Microsoft.Extensions.Configuration.Json" Version="3.0.0-preview4.19125.6">
      <Uri>https://github.com/aspnet/Extensions</Uri>
      <Sha>00000</Sha>
    </Dependency>
    <Dependency Name="Microsoft.Extensions.Configuration.KeyPerFile" Version="3.0.0-preview4.19125.6">
      <Uri>https://github.com/aspnet/Extensions</Uri>
      <Sha>00000</Sha>
    </Dependency>
    <Dependency Name="Microsoft.Extensions.Configuration.UserSecrets" Version="3.0.0-preview4.19125.6">
      <Uri>https://github.com/aspnet/Extensions</Uri>
      <Sha>00000</Sha>
    </Dependency>
    <Dependency Name="Microsoft.Extensions.Configuration.Xml" Version="3.0.0-preview4.19125.6">
      <Uri>https://github.com/aspnet/Extensions</Uri>
      <Sha>00000</Sha>
    </Dependency>
    <Dependency Name="Microsoft.Extensions.Configuration" Version="3.0.0-preview4.19125.6">
      <Uri>https://github.com/aspnet/Extensions</Uri>
      <Sha>00000</Sha>
    </Dependency>
    <Dependency Name="Microsoft.Extensions.DependencyInjection.Abstractions" Version="3.0.0-preview4.19125.6">
      <Uri>https://github.com/aspnet/Extensions</Uri>
      <Sha>00000</Sha>
    </Dependency>
    <Dependency Name="Microsoft.Extensions.DependencyInjection" Version="3.0.0-preview4.19125.6">
      <Uri>https://github.com/aspnet/Extensions</Uri>
      <Sha>00000</Sha>
    </Dependency>
    <Dependency Name="Microsoft.Extensions.DiagnosticAdapter" Version="3.0.0-preview4.19125.6">
      <Uri>https://github.com/aspnet/Extensions</Uri>
      <Sha>00000</Sha>
    </Dependency>
    <Dependency Name="Microsoft.Extensions.Diagnostics.HealthChecks.Abstractions" Version="3.0.0-preview4.19125.6">
      <Uri>https://github.com/aspnet/Extensions</Uri>
      <Sha>00000</Sha>
    </Dependency>
    <Dependency Name="Microsoft.Extensions.Diagnostics.HealthChecks" Version="3.0.0-preview4.19125.6">
      <Uri>https://github.com/aspnet/Extensions</Uri>
      <Sha>00000</Sha>
    </Dependency>
    <Dependency Name="Microsoft.Extensions.FileProviders.Abstractions" Version="3.0.0-preview4.19125.6">
      <Uri>https://github.com/aspnet/Extensions</Uri>
      <Sha>00000</Sha>
    </Dependency>
    <Dependency Name="Microsoft.Extensions.FileProviders.Composite" Version="3.0.0-preview4.19125.6">
      <Uri>https://github.com/aspnet/Extensions</Uri>
      <Sha>00000</Sha>
    </Dependency>
    <Dependency Name="Microsoft.Extensions.FileProviders.Embedded" Version="3.0.0-preview4.19125.6">
      <Uri>https://github.com/aspnet/Extensions</Uri>
      <Sha>00000</Sha>
    </Dependency>
    <Dependency Name="Microsoft.Extensions.FileProviders.Physical" Version="3.0.0-preview4.19125.6">
      <Uri>https://github.com/aspnet/Extensions</Uri>
      <Sha>00000</Sha>
    </Dependency>
    <Dependency Name="Microsoft.Extensions.FileSystemGlobbing" Version="3.0.0-preview4.19125.6">
      <Uri>https://github.com/aspnet/Extensions</Uri>
      <Sha>00000</Sha>
    </Dependency>
    <Dependency Name="Microsoft.Extensions.HashCodeCombiner.Sources" Version="3.0.0-preview4.19125.6">
      <Uri>https://github.com/aspnet/Extensions</Uri>
      <Sha>00000</Sha>
    </Dependency>
    <Dependency Name="Microsoft.Extensions.Hosting.Abstractions" Version="3.0.0-preview4.19125.6">
      <Uri>https://github.com/aspnet/Extensions</Uri>
      <Sha>00000</Sha>
    </Dependency>
    <Dependency Name="Microsoft.Extensions.Hosting" Version="3.0.0-preview4.19125.6">
      <Uri>https://github.com/aspnet/Extensions</Uri>
      <Sha>00000</Sha>
    </Dependency>
    <Dependency Name="Microsoft.Extensions.HostFactoryResolver.Sources" Version="3.0.0-preview4.19125.6">
      <Uri>https://github.com/aspnet/Extensions</Uri>
      <Sha>00000</Sha>
    </Dependency>
    <Dependency Name="Microsoft.Extensions.Http" Version="3.0.0-preview4.19125.6">
      <Uri>https://github.com/aspnet/Extensions</Uri>
      <Sha>00000</Sha>
    </Dependency>
    <Dependency Name="Microsoft.Extensions.Localization.Abstractions" Version="3.0.0-preview4.19125.6">
      <Uri>https://github.com/aspnet/Extensions</Uri>
      <Sha>00000</Sha>
    </Dependency>
    <Dependency Name="Microsoft.Extensions.Localization" Version="3.0.0-preview4.19125.6">
      <Uri>https://github.com/aspnet/Extensions</Uri>
      <Sha>00000</Sha>
    </Dependency>
    <Dependency Name="Microsoft.Extensions.Logging.Abstractions" Version="3.0.0-preview4.19125.6">
      <Uri>https://github.com/aspnet/Extensions</Uri>
      <Sha>00000</Sha>
    </Dependency>
    <Dependency Name="Microsoft.Extensions.Logging.AzureAppServices" Version="3.0.0-preview4.19125.6">
      <Uri>https://github.com/aspnet/Extensions</Uri>
      <Sha>00000</Sha>
    </Dependency>
    <Dependency Name="Microsoft.Extensions.Logging.Configuration" Version="3.0.0-preview4.19125.6">
      <Uri>https://github.com/aspnet/Extensions</Uri>
      <Sha>00000</Sha>
    </Dependency>
    <Dependency Name="Microsoft.Extensions.Logging.Console" Version="3.0.0-preview4.19125.6">
      <Uri>https://github.com/aspnet/Extensions</Uri>
      <Sha>00000</Sha>
    </Dependency>
    <Dependency Name="Microsoft.Extensions.Logging.Debug" Version="3.0.0-preview4.19125.6">
      <Uri>https://github.com/aspnet/Extensions</Uri>
      <Sha>00000</Sha>
    </Dependency>
    <Dependency Name="Microsoft.Extensions.Logging.EventSource" Version="3.0.0-preview4.19125.6">
      <Uri>https://github.com/aspnet/Extensions</Uri>
      <Sha>00000</Sha>
    </Dependency>
    <Dependency Name="Microsoft.Extensions.Logging.TraceSource" Version="3.0.0-preview4.19125.6">
      <Uri>https://github.com/aspnet/Extensions</Uri>
      <Sha>00000</Sha>
    </Dependency>
    <Dependency Name="Microsoft.Extensions.Logging.Testing" Version="3.0.0-preview4.19125.6">
      <Uri>https://github.com/aspnet/Extensions</Uri>
      <Sha>00000</Sha>
    </Dependency>
    <Dependency Name="Microsoft.Extensions.Logging" Version="3.0.0-preview4.19125.6">
      <Uri>https://github.com/aspnet/Extensions</Uri>
      <Sha>00000</Sha>
    </Dependency>
    <Dependency Name="Microsoft.Extensions.ObjectPool" Version="3.0.0-preview4.19125.6">
      <Uri>https://github.com/aspnet/Extensions</Uri>
      <Sha>00000</Sha>
    </Dependency>
    <Dependency Name="Microsoft.Extensions.Options.ConfigurationExtensions" Version="3.0.0-preview4.19125.6">
      <Uri>https://github.com/aspnet/Extensions</Uri>
      <Sha>00000</Sha>
    </Dependency>
    <Dependency Name="Microsoft.Extensions.Options.DataAnnotations" Version="3.0.0-preview4.19125.6">
      <Uri>https://github.com/aspnet/Extensions</Uri>
      <Sha>00000</Sha>
    </Dependency>
    <Dependency Name="Microsoft.Extensions.Options" Version="3.0.0-preview4.19125.6">
      <Uri>https://github.com/aspnet/Extensions</Uri>
      <Sha>00000</Sha>
    </Dependency>
    <Dependency Name="Microsoft.Extensions.ParameterDefaultValue.Sources" Version="3.0.0-preview4.19125.6">
      <Uri>https://github.com/aspnet/Extensions</Uri>
      <Sha>00000</Sha>
    </Dependency>
    <Dependency Name="Microsoft.Extensions.Primitives" Version="3.0.0-preview4.19125.6">
      <Uri>https://github.com/aspnet/Extensions</Uri>
      <Sha>00000</Sha>
    </Dependency>
    <Dependency Name="Microsoft.Extensions.TypeNameHelper.Sources" Version="3.0.0-preview4.19125.6">
      <Uri>https://github.com/aspnet/Extensions</Uri>
      <Sha>00000</Sha>
    </Dependency>
    <Dependency Name="Microsoft.Extensions.ValueStopwatch.Sources" Version="3.0.0-preview4.19125.6">
      <Uri>https://github.com/aspnet/Extensions</Uri>
      <Sha>00000</Sha>
    </Dependency>
    <Dependency Name="Microsoft.Extensions.WebEncoders" Version="3.0.0-preview4.19125.6">
      <Uri>https://github.com/aspnet/Extensions</Uri>
      <Sha>00000</Sha>
    </Dependency>
    <Dependency Name="Microsoft.JSInterop" Version="3.0.0-preview4.19125.6">
      <Uri>https://github.com/aspnet/Extensions</Uri>
      <Sha>00000</Sha>
    </Dependency>
    <Dependency Name="Mono.WebAssembly.Interop" Version="3.0.0-preview4.19125.6">
      <Uri>https://github.com/aspnet/Extensions</Uri>
      <Sha>00000</Sha>
    </Dependency>
    <Dependency Name="Microsoft.Bcl.Json.Sources" Version="4.6.0-preview4.19127.11">
      <Uri>https://github.com/dotnet/corefx</Uri>
      <Sha>00000</Sha>
    </Dependency>
    <Dependency Name="Microsoft.CSharp" Version="4.6.0-preview4.19127.11">
      <Uri>https://github.com/dotnet/corefx</Uri>
      <Sha>00000</Sha>
    </Dependency>
    <Dependency Name="Microsoft.Win32.Registry" Version="4.6.0-preview4.19127.11">
      <Uri>https://github.com/dotnet/corefx</Uri>
      <Sha>00000</Sha>
    </Dependency>
    <Dependency Name="System.ComponentModel.Annotations" Version="4.6.0-preview4.19127.11">
      <Uri>https://github.com/dotnet/corefx</Uri>
      <Sha>00000</Sha>
    </Dependency>
    <Dependency Name="System.Data.SqlClient" Version="4.7.0-preview4.19127.11">
      <Uri>https://github.com/dotnet/corefx</Uri>
      <Sha>00000</Sha>
    </Dependency>
    <Dependency Name="System.Diagnostics.EventLog" Version="4.6.0-preview4.19127.11">
      <Uri>https://github.com/dotnet/corefx</Uri>
      <Sha>00000</Sha>
    </Dependency>
    <Dependency Name="System.IO.Pipelines" Version="4.6.0-preview4.19127.11">
      <Uri>https://github.com/dotnet/corefx</Uri>
      <Sha>00000</Sha>
    </Dependency>
    <Dependency Name="System.Net.Http.WinHttpHandler" Version="4.6.0-preview4.19127.11">
      <Uri>https://github.com/dotnet/corefx</Uri>
      <Sha>00000</Sha>
    </Dependency>
    <Dependency Name="System.Net.WebSockets.WebSocketProtocol" Version="4.6.0-preview4.19127.11">
      <Uri>https://github.com/dotnet/corefx</Uri>
      <Sha>00000</Sha>
    </Dependency>
    <Dependency Name="System.Reflection.Metadata" Version="1.7.0-preview4.19127.11">
      <Uri>https://github.com/dotnet/corefx</Uri>
      <Sha>00000</Sha>
    </Dependency>
    <Dependency Name="System.Runtime.CompilerServices.Unsafe" Version="4.6.0-preview4.19127.11">
      <Uri>https://github.com/dotnet/corefx</Uri>
      <Sha>00000</Sha>
    </Dependency>
    <Dependency Name="System.Security.Cryptography.Cng" Version="4.6.0-preview4.19127.11">
      <Uri>https://github.com/dotnet/corefx</Uri>
      <Sha>00000</Sha>
    </Dependency>
    <Dependency Name="System.Security.Cryptography.Pkcs" Version="4.6.0-preview4.19127.11">
      <Uri>https://github.com/dotnet/corefx</Uri>
      <Sha>00000</Sha>
    </Dependency>
    <Dependency Name="System.Security.Cryptography.Xml" Version="4.6.0-preview4.19127.11">
      <Uri>https://github.com/dotnet/corefx</Uri>
      <Sha>00000</Sha>
    </Dependency>
    <Dependency Name="System.Security.Permissions" Version="4.6.0-preview4.19127.11">
      <Uri>https://github.com/dotnet/corefx</Uri>
      <Sha>00000</Sha>
    </Dependency>
    <Dependency Name="System.Security.Principal.Windows" Version="4.6.0-preview4.19127.11">
      <Uri>https://github.com/dotnet/corefx</Uri>
      <Sha>00000</Sha>
    </Dependency>
    <Dependency Name="System.ServiceProcess.ServiceController" Version="4.6.0-preview4.19127.11">
      <Uri>https://github.com/dotnet/corefx</Uri>
      <Sha>00000</Sha>
    </Dependency>
    <Dependency Name="System.Text.Encodings.Web" Version="4.6.0-preview4.19127.11">
      <Uri>https://github.com/dotnet/corefx</Uri>
      <Sha>00000</Sha>
    </Dependency>
    <Dependency Name="System.Threading.Channels" Version="4.6.0-preview4.19127.11">
      <Uri>https://github.com/dotnet/corefx</Uri>
      <Sha>00000</Sha>
    </Dependency>
    <Dependency Name="Microsoft.Extensions.DependencyModel" Version="3.0.0-preview4-27428-4">
      <Uri>https://github.com/dotnet/core-setup</Uri>
      <Sha>2e505963b0b34ce29e6e4819bab868dcabc61896</Sha>
    </Dependency>
    <Dependency Name="Microsoft.NETCore.App" Version="3.0.0-preview4-27428-4">
      <Uri>https://github.com/dotnet/core-setup</Uri>
      <Sha>2e505963b0b34ce29e6e4819bab868dcabc61896</Sha>
    </Dependency>
    <Dependency Name="Microsoft.DotNet.PlatformAbstractions" Version="3.0.0-preview4-27428-4">
      <Uri>https://github.com/dotnet/core-setup</Uri>
      <Sha>2e505963b0b34ce29e6e4819bab868dcabc61896</Sha>
    </Dependency>
  </ProductDependencies>
  <ToolsetDependencies>
    <!-- Listed explicitly to workaround https://github.com/dotnet/cli/issues/10528 -->
    <Dependency Name="Microsoft.NETCore.Platforms" Version="3.0.0-preview4.19127.11">
      <Uri>https://github.com/dotnet/corefx</Uri>
      <Sha>00000</Sha>
    </Dependency>
    <Dependency Name="Internal.AspNetCore.Analyzers" Version="3.0.0-preview4.19125.6">
      <Uri>https://github.com/aspnet/Extensions</Uri>
      <Sha>00000</Sha>
    </Dependency>
    <Dependency Name="Microsoft.DotNet.GenAPI" Version="1.0.0-beta.19121.5">
      <Uri>https://github.com/dotnet/arcade</Uri>
      <Sha>660f6cd006b276edb3764f4d7d726cedf6c29d8e</Sha>
    </Dependency>
    <Dependency Name="Microsoft.AspNetCore.Testing" Version="3.0.0-preview4.19125.6">
      <Uri>https://github.com/aspnet/Extensions</Uri>
      <Sha>00000</Sha>
    </Dependency>
  </ToolsetDependencies>
</Dependencies>
