{
  "author": "Microsoft",
  "classifications": [
    "Web",
    "Blazor",
    "Hosted"
  ],
  "groupIdentity": "Microsoft.Web.Blazor.Hosted",
  "guids": [
    "4C26868E-5E7C-458D-82E3-040509D0C71F",
    "5990939C-7E7B-4CFA-86FF-44CA5756498A",
    "650B3CE7-2E93-4CC4-9F46-466686815EAA",
    "0AFFA7FD-4E37-4636-AB91-3753E746DB98"
  ],
  "identity": "Microsoft.Web.Blazor.Hosted.CSharp",
  "name": "Blazor (hosted in ASP.NET server)",
  "preferNameDirectory": true,
  "primaryOutputs": [
    {
      "condition": "(HostIdentifier == \"dotnetcli\" || HostIdentifier == \"dotnetcli-preview\")",
      "path": "BlazorHosted-CSharp.sln"
    },
    {
      "condition": "(HostIdentifier != \"dotnetcli\" && HostIdentifier != \"dotnetcli-preview\")",
      "path": "BlazorHosted-CSharp.Server/BlazorHosted-CSharp.Server.csproj"
    },
    {
      "condition": "(HostIdentifier != \"dotnetcli\" && HostIdentifier != \"dotnetcli-preview\")",
      "path": "BlazorHosted-CSharp.Client/BlazorHosted-CSharp.Client.csproj"
    },
    {
      "condition": "(HostIdentifier != \"dotnetcli\" && HostIdentifier != \"dotnetcli-preview\")",
      "path": "BlazorHosted-CSharp.Shared/BlazorHosted-CSharp.Shared.csproj"
    }
  ],
  "shortName": "blazorhosted",
  "sourceName": "BlazorHosted-CSharp",
  "sources": [
    {
      "source": "./",
      "target": "./",
      "exclude": [
        ".template.config/**"
      ],
      "modifiers": [
        {
          "condition": "(HostIdentifier != \"dotnetcli\" && HostIdentifier != \"dotnetcli-preview\")",
          "exclude": [
            "*.sln"
          ]
        }
      ]
    }
  ],
  "symbols": {
    "Framework": {
      "type": "parameter",
      "description": "The target framework for the project.",
      "datatype": "choice",
      "choices": [
        {
          "choice": "netcoreapp3.0",
          "description": "Target netcoreapp3.0"
        }
      ],
      "replaces": "netcoreapp3.0",
      "defaultValue": "netcoreapp3.0"
    },
    "HostIdentifier": {
      "type": "bind",
      "binding": "HostIdentifier"
    },
    "IncludeCustomRestoreSourcesSymbol": {
      "type": "parameter",
      "datatype": "bool",
      "description": "If set, includes restore sources for the Blazor MyGet feed.",
      "defaultValue": "${IncludeCustomRestoreSources}"
    },
    "TemplateBlazorVersionSymbol": {
      "type": "parameter",
      "datatype": "string",
      "description": "Specifies which version of Blazor packages to use.",
      "replaces": "$(TemplateBlazorPackageVersion)",
      "defaultValue": "${TemplateBlazorVersion}"
    },
    "TemplateComponentsVersionSymbol": {
      "type": "parameter",
      "datatype": "string",
      "description": "Specifies which version of Components packages to use.",
      "replaces": "$(TemplateComponentsPackageVersion)",
      "defaultValue": "${TemplateComponentsVersion}"
    },
    "skipRestore": {
      "type": "parameter",
      "datatype": "bool",
      "description": "If specified, skips the automatic restore of the project on create.",
      "defaultValue": "false"
    }
  },
  "tags": {
    "language": "C#",
    "type": "project"
  },
  "postActions": [
    {
      "condition": "(!skipRestore)",
      "description": "Restore NuGet packages required by this project.",
      "manualInstructions": [
        {
          "text": "Run 'dotnet restore'"
        }
      ],
      "actionId": "210D431B-A78B-4D2F-B762-4ED3E3EA9025",
      "continueOnError": true
    }
  ]
}
