{
  "$schema": "http://json.schemastore.org/vs-2017.3.host",
  "name": {
    "text": "Blazor (ASP.NET Core hosted)",
    "package": "{0CD94836-1526-4E85-87D3-FB5274C5AFC9}",
    "id": "1050"
  },
  "description": {
    "text": "A project template for creating a Blazor application that runs on WebAssembly and is hosted on an ASP.NET Core server.",
    "package": "{0CD94836-1526-4E85-87D3-FB5274C5AFC9}",
    "id": "1051"
  },
  "order": 300,
  "icon": "icon.png",
  "learnMoreLink": "https://github.com/aspnet/blazor",
  "uiFilters": [
    "oneaspnet"
  ],
  "additionalWizardParameters":
  {
      "$isMultiProjectTemplate$": "true"
  }
}