{
  "author": "Microsoft",
  "classifications": [
    "Web",
    "Blazor",
    "Standalone"
  ],
  "groupIdentity": "Microsoft.Web.Blazor.Standalone",
  "identity": "Microsoft.Web.Blazor.Standalone.CSharp",
  "name": "Blazor (standalone)",
  "preferNameDirectory": true,
  "primaryOutputs": [
    {
      "path": "BlazorStandalone-CSharp.csproj"
    }
  ],
  "shortName": "blazor",
  "sourceName": "BlazorStandalone-CSharp",
  "sources": [
    {
      "source": "./",
      "target": "./",
      "exclude": [
        ".template.config/**"
      ]
    }
  ],
  "symbols": {
    "Framework": {
      "type": "parameter",
      "description": "The target framework for the project.",
      "datatype": "choice",
      "choices": [
        {
          "choice": "netcoreapp3.0",
          "description": "Target netcoreapp3.0"
        }
      ],
      "replaces": "netcoreapp3.0",
      "defaultValue": "netcoreapp3.0"
    },
    "HostIdentifier": {
      "type": "bind",
      "binding": "HostIdentifier"
    },
    "IncludeCustomRestoreSourcesSymbol": {
      "type": "parameter",
      "datatype": "bool",
      "description": "If set, includes restore sources for the Blazor MyGet feed.",
      "defaultValue": "${IncludeCustomRestoreSources}"
    },
    "TemplateBlazorVersionSymbol": {
      "type": "parameter",
      "datatype": "string",
      "description": "Specifies which version of Blazor packages to use.",
      "replaces": "$(TemplateBlazorPackageVersion)",
      "defaultValue": "${TemplateBlazorVersion}"
    },
    "TemplateComponentsVersionSymbol": {
      "type": "parameter",
      "datatype": "string",
      "description": "Specifies which version of Components packages to use.",
      "replaces": "$(TemplateComponentsPackageVersion)",
      "defaultValue": "${TemplateComponentsVersion}"
    },
    "skipRestore": {
      "type": "parameter",
      "datatype": "bool",
      "description": "If specified, skips the automatic restore of the project on create.",
      "defaultValue": "false"
    }
  },
  "tags": {
    "language": "C#",
    "type": "project"
  },
  "postActions": [
    {
      "condition": "(!skipRestore)",
      "description": "Restore NuGet packages required by this project.",
      "manualInstructions": [
        {
          "text": "Run 'dotnet restore'"
        }
      ],
      "actionId": "210D431B-A78B-4D2F-B762-4ED3E3EA9025",
      "continueOnError": true
    }
  ]
}
