{
  "$schema": "https://raw.githubusercontent.com/aspnet/BuildTools/master/tools/korebuild.schema.json",
  "channel": "master",
  "msbuildType": "full",
  "toolsets": {
    "nodejs": {
      "minVersion": "10.0",
      "required": true
    },
    "visualstudio": {
      "required": [
        "Windows"
      ],
      "includePrerelease": true,
      "versionRange": "[16.0.28608.199, 17.0)",
      "requiredWorkloads": [
        "Microsoft.VisualStudio.Component.VC.ATL",
        "Microsoft.VisualStudio.Component.VC.Tools.x86.x64",
        "Microsoft.VisualStudio.Component.VC.v141.ATL",
        "Microsoft.VisualStudio.Component.VC.v141.x86.x64",
        "Microsoft.VisualStudio.Component.Windows10SDK.17134"
      ]
    }
  }
}
